{
	"format_version": "1.8.0",
	"animations": {
		"swim": {
			"loop": true,
			"animation_length": 4.41667,
			"bones": {
				"body": {
					"rotation": {
						"0.0": {
							"vector": [0, 0, 0]
						},
						"1.5": {
							"vector": [-5, 0, 0]
						},
						"3.3333": {
							"vector": [4, 0, 0]
						},
						"4.4167": {
							"vector": [0, 0, 0]
						}
					}
				},
				"neck": {
					"rotation": {
						"0.0": {
							"vector": [0, 0, 0]
						},
						"1.5": {
							"vector": [-4.00974, 3.99024, -0.27948]
						},
						"3.3333": {
							"vector": [5.99798, -4.961, -1.2189]
						},
						"4.4167": {
							"vector": [0, 0, 0]
						}
					}
				},
				"head": {
					"rotation": {
						"0.0": {
							"vector": [0, 0, 0]
						},
						"1.5": {
							"vector": [9.04876, 5.92586, 0.94197]
						},
						"3.3333": {
							"vector": [-13.12336, -7.79367, 1.81079]
						},
						"4.4167": {
							"vector": [0, 0, 0]
						}
					}
				},
				"tail": {
					"rotation": {
						"0.0": {
							"vector": [0, 0, 0]
						},
						"1.4583": {
							"vector": [0, -10, 0]
						},
						"3.4167": {
							"vector": [0, 7, 0]
						},
						"4.4167": {
							"vector": [0, 0, 0]
						}
					}
				},
				"fin1": {
					"rotation": {
						"0.0": {
							"vector": [0, 0, -45]
						},
						"2.2917": {
							"vector": [-4, 0, 17]
						},
						"3.4167": {
							"vector": [26.39309, -11.33729, -33.45865]
						},
						"4.4167": {
							"vector": [0, 0, -45]
						}
					}
				},
				"fin2": {
					"rotation": {
						"0.0": {
							"vector": [0, 0, 45]
						},
						"2.2917": {
							"vector": [4, 0, -17]
						},
						"3.4167": {
							"vector": [26.39309, 11.3373, 33.4587]
						},
						"4.4167": {
							"vector": [0, 0, 45]
						}
					}
				},
				"fin3": {
					"rotation": {
						"0.0": {
							"vector": [-19, 0, 45]
						},
						"2.0417": {
							"vector": [4, 0, -17]
						},
						"3.0": {
							"vector": [26.39309, 11.3373, 33.4587]
						},
						"4.4167": {
							"vector": [-19, 0, 45]
						}
					}
				},
				"fin4": {
					"rotation": {
						"0.0": {
							"vector": [-19, 0, -45]
						},
						"2.0417": {
							"vector": [-4, 0, 17]
						},
						"3.0": {
							"vector": [26.39309, -11.33729, -33.45865]
						},
						"4.4167": {
							"vector": [-19, 0, -45]
						}
					}
				}
			}
		}
	},
	"geckolib_format_version": 2
}