{
	"format_version": "1.8.0",
	"animations": {
		"swim": {
			"loop": true,
			"animation_length": 3.375,
			"bones": {
				"bone": {
					"rotation": {
						"0.0": [0, 0, 0],
						"0.75": [3, 0, 0],
						"1.5": [5, 0, 0],
						"2.25": [-1.4, 0, 0],
						"3.375": [0, 0, 0]
					}
				},
				"BRflipper": {
					"rotation": {
						"0.0": [0, 0, 45],
						"0.9167": [0, -25, 75.68],
						"1.5833": [0, -25, 112.5],
						"2.25": [0, 21, 94.33],
						"2.9583": [0, 10, 38],
						"3.375": [0, 0, 45]
					}
				},
				"FRflipper": {
					"rotation": {
						"0.0": [0, 0, 45],
						"0.625": [0, -25, 75.68],
						"1.375": [0, -25, 112.5],
						"2.0": [0, 21, 94.33],
						"3.0833": [0, 10, 38],
						"3.375": [0, 0, 45]
					}
				},
				"BLflipper": {
					"rotation": {
						"0.0": [0, 0, -45],
						"0.9167": [0, 25, -75.68],
						"1.5833": [0, 25, -112.5],
						"2.25": [0, -21, -94.33],
						"2.9583": [0, -10, -38],
						"3.375": [0, 0, -45]
					}
				},
				"FLflipper": {
					"rotation": {
						"0.0": [0, 0, -45],
						"0.625": [0, 25, -75.68],
						"1.375": [0, 25, -112.5],
						"2.0": [0, -21, -94.33],
						"3.0833": [0, -10, -38],
						"3.375": [0, 0, -45]
					}
				},
				"Tail": {
					"rotation": {
						"0.0": [0, 0, 0],
						"1.2917": [0, -22.5, 0],
						"2.3333": [0, 22.5, 0],
						"3.375": [0, 0, 0]
					}
				},
				"Head": {
					"rotation": {
						"0.0": [0, 0, 0],
						"1.125": [0, 0, 0],
						"1.8333": [-5.5, 0, 0],
						"2.8333": [-2.5, 0, 0],
						"3.375": [0, 0, 0]
					}
				},
				"bone4": {
					"rotation": {
						"0.0": [0, 0, 0],
						"1.0833": [0, 0, 0],
						"1.7083": [7.5, 0, 0],
						"2.6667": [0, 0, 0],
						"3.375": [0, 0, 0]
					}
				}
			}
		},
		"dry-out": {
			"loop": true,
			"animation_length": 4.66667,
			"bones": {
				"BRflipper": {
					"rotation": [12.45392, 1.08089, 85.11794]
				},
				"FRflipper": {
					"rotation": [-22.42287, -1.91134, 85.37889]
				},
				"BLflipper": {
					"rotation": [17.43745, -1.50179, -85.23032]
				},
				"FLflipper": {
					"rotation": [-22.42287, 1.91134, -85.37889]
				},
				"Tail": {
					"rotation": [-17.5, 0, 0]
				},
				"Head": {
					"rotation": [7.5, 0, 0],
					"position": [0, -2, 0]
				},
				"bone3": {
					"rotation": {
						"0.0": [0, 0, 0],
						"1.9167": [-10, 0, 0],
						"4.0833": [0, 0, 0],
						"4.6667": [0, 0, 0]
					}
				}
			}
		}
	},
	"geckolib_format_version": 2
}